max_pred,PSZ2,MCXC,ACT,Abell,PSZ2(z),precision_PSZ2(z),found_PSZ2(z),found,precision,all
0.3,0.9310344827586207,0.5294117647058824,0.3323170731707317,0.2569832402234637,0.9433962264150944,0.07776049766718507,50,152,0.2363919129082426,643
0.8,0.8275862068965517,0.39705882352941174,0.1402439024390244,0.15083798882681565,0.8679245283018868,0.4946236559139785,46,67,0.7204301075268817,93
