max_pred,PSZ2,MCXC,ACT,Abell,eROSITA,precision_eROSITA,found_eROSITA,PSZ2(z),precision_PSZ2(z),found_PSZ2(z),found,precision,all
0.3,1.0,0.5153846153846153,0.2748091603053435,0.35687732342007433,0.1280817799158148,0.29875195007800315,383,1.0,0.06942277691107644,89,408,0.31825273010920435,1282
0.8,0.847457627118644,0.3769230769230769,0.11450381679389313,0.21933085501858737,0.04810583283223091,0.6911764705882353,141,0.9444444444444444,0.4117647058823529,84,150,0.7352941176470589,204
