mpp,PSZ2,MCXC,ACT,Abell,PSZ2(z),precision_PSZ2(z),found_PSZ2(z),all_true,found,precision,all
0.1,0.95,0.5283018867924528,0.3227176220806794,0.2895622895622896,0.9634146341463414,0.05077120822622108,79,0.29949874686716793,245,0.15745501285347044,1556
0.2,0.95,0.5283018867924528,0.3227176220806794,0.2895622895622896,0.9634146341463414,0.05077120822622108,79,0.29949874686716793,245,0.15745501285347044,1556
0.3,0.95,0.5283018867924528,0.31422505307855625,0.27946127946127947,0.9634146341463414,0.05787545787545788,79,0.2907268170426065,238,0.17435897435897435,1365
0.4,0.94,0.5,0.27176220806794055,0.24579124579124578,0.9634146341463414,0.09186046511627907,79,0.2531328320802005,208,0.24186046511627907,860
0.5,0.93,0.49056603773584906,0.23779193205944799,0.21885521885521886,0.9634146341463414,0.14738805970149255,79,0.22305764411027568,183,0.3414179104477612,536
0.6,0.89,0.46226415094339623,0.208067940552017,0.20202020202020202,0.926829268292683,0.2159090909090909,76,0.19799498746867167,161,0.45738636363636365,352
0.7,0.87,0.42452830188679247,0.16985138004246284,0.18518518518518517,0.9146341463414634,0.3048780487804878,75,0.16666666666666666,135,0.5487804878048781,246
0.8,0.84,0.39622641509433965,0.1337579617834395,0.1717171717171717,0.8902439024390244,0.4294117647058823,73,0.14035087719298245,116,0.6823529411764706,170
0.9,0.75,0.3490566037735849,0.09766454352441614,0.12457912457912458,0.7926829268292683,0.6018518518518519,65,0.10401002506265664,87,0.8055555555555556,108
