mpp,PSZ2,MCXC,ACT,eROSITA,precision_eROSITA,found_eROSITA,PSZ2(z),precision_PSZ2(z),found_PSZ2(z),all_true,found,precision,all
0.1,0.9632183908045977,0.48439073514602216,0.30297397769516726,0.14040889957907396,0.026014054987054617,422,0.993127147766323,0.03556898039699174,577,0.3101679104477612,1800,0.11096042411539885,16222
0.2,0.9632183908045977,0.48439073514602216,0.30297397769516726,0.14040889957907396,0.026014054987054617,422,0.993127147766323,0.03556898039699174,577,0.3101679104477612,1800,0.11096042411539885,16222
0.3,0.9620689655172414,0.4743202416918429,0.2905824039653036,0.1280817799158148,0.026097029163259743,383,0.993127147766323,0.03931588988825293,577,0.30177238805970147,1723,0.11740256200599618,14676
0.4,0.9494252873563218,0.44511581067472306,0.25712515489467164,0.1037282020444979,0.03432951894233974,309,0.993127147766323,0.06410398844572825,577,0.269589552238806,1510,0.1677591378735696,9001
0.5,0.9137931034482759,0.4229607250755287,0.2255266418835192,0.08689116055321708,0.045931992166636994,258,0.9845360824742269,0.10183371906711768,572,0.24370335820895522,1330,0.2367811999287876,5617
0.6,0.8781609195402299,0.3947633434038268,0.19021065675340768,0.06885147324113049,0.05696559503666103,202,0.9759450171821306,0.1598984771573604,567,0.21525186567164178,1143,0.3223350253807107,3546
0.7,0.8425287356321839,0.3756294058408862,0.17100371747211895,0.05802766085387853,0.06835242986961675,173,0.9587628865979382,0.22007111813512445,557,0.19659514925373134,1033,0.4081390754642434,2531
0.8,0.8011494252873563,0.3554884189325277,0.15303593556381662,0.04840649428743235,0.07692307692307693,142,0.929553264604811,0.29252437703141926,540,0.17840485074626866,917,0.4967497291440953,1846
0.9,0.7057471264367816,0.31822759315206445,0.120817843866171,0.037282020444978956,0.09553571428571428,107,0.8625429553264605,0.4473214285714286,501,0.14575559701492538,719,0.6419642857142858,1120
